identifier,artist,artistFirstName,artistLastName,completed,location,main_image_url
1400 North Avenue (Court Building parking lot),Spoon Popkin,Spoon,Popkin,06/30/05 12:00 AM,"-76.57662999999991, 39.316199999999924",https://data.baltimorecity.gov/views/zqh4-9ud5/files/-_58tYomIrTnpkvaNQiOZQfBkGWyUeQl5v9dthQ0X8M?filename=S.+Popkin+T.+Miller+Tribute+Panel1.jpg&content_type=image%2Fjpeg%3B+charset%3Dbinary
W. Ostend and James Sts.,Mary and Terry Carfagno Ferguson and Van Tassell,Mary and Terry,Carfagno Ferguson and Van Tassell,06/21/05 12:00 AM,"-76.62630000000001, 39.266940000000034",https://data.baltimorecity.gov/views/zqh4-9ud5/files/-7C22iH7j4gaPNq0NCz_aPtPm2hKzgbJuOCN8QTS4jk?filename=Skateboarding+Mural.jpg&content_type=image%2Fjpeg%3B+charset%3Dbinary
"1327 Washington Boulevard, Barrister School (interior)",Charles and Donald Carroll and Tyson,Charles and Donald,Carroll and Tyson,06/28/05 12:00 AM,"-76.63572931347767, 39.28032465761226",https://data.baltimorecity.gov/views/zqh4-9ud5/files/-E9oH4xyf4QOt03UFhyb4kJalAPbAFfRuOSa-r7hG8U?filename=Charles+Carroll+34+Donal+Tyson.jpg&content_type=image%2Fjpeg%3B+charset%3Dbinary
1756 E. Preston St.,Mary Carfagno Ferguson,Mary,Carfagno Ferguson,06/20/05 12:00 AM,"-76.59271861631896, 39.30541141481342",https://data.baltimorecity.gov/views/zqh4-9ud5/files/-Ww8s3wudL0pE47_Ww-4gH46ddgu_J_qDK3CuTnXbB4?filename=ferguson+1756+e+preston+st+2.4.04.jpg&content_type=image%2Fjpeg%3B+charset%3Dbinary
4501 Curtis Avenue,Peggy Ward,Peggy,Ward,06/27/05 12:00 AM,"-76.5868010773662, 39.225039005054896",https://data.baltimorecity.gov/views/zqh4-9ud5/files/-XggIgigxzzMsxNb9ypp_5bDTkBicZRM-DpWpGeRZWM?filename=IMG_0192%5B1%5D&content_type=image%2Fjpeg%3B+charset%3Dbinary
1339 E. North Ave.,Tom Miller,Tom,Miller,06/14/05 12:00 AM,"-76.59960742306345, 39.31189552664472",https://data.baltimorecity.gov/views/zqh4-9ud5/files/0ki7_5mCamA5DXbJsO9KsZUMKPb2LoGibHZogLdfsu0?filename=miller+-+harford+%26+north.JPG&content_type=image%2Fjpeg%3B+charset%3Dbinary
4004 Frederick Ave.,Lyle Kissack,Lyle,Kissack,06/22/05 12:00 AM,"-76.68254290060548, 39.281759245442856",https://data.baltimorecity.gov/views/zqh4-9ud5/files/0v0JmVjOe8L9udhMIp6QlAQNTHQDdRr6XWRA8up8AJY?filename=kissack+-+4004+Frederick+Ave.jpg&content_type=image%2Fjpeg%3B+charset%3Dbinary
5700 York Rd.,Antonio Rodriquez,Antonio,Rodriquez,06/13/05 12:00 AM,"-76.6099226467395, 39.359451675554055",https://data.baltimorecity.gov/views/zqh4-9ud5/files/0ZmEgH04uimAKc9s3hWSab5K1vGvLG77f1irV85E30I?filename=rodriquez-525+benninghaus+rd.JPG&content_type=image%2Fjpeg%3B+charset%3Dbinary
412 S. Broadway,Eric Monastario,Eric,Monastario,06/22/05 12:00 AM,"-76.5936179383483, 39.286183909827",https://data.baltimorecity.gov/views/zqh4-9ud5/files/1ZE1vv25BnlZVa6iJWP_5ldC7f7x2w8YJHUDpFDtx2s?filename=monastario+-+412+S+Broadway.jpg&content_type=image%2Fjpeg%3B+charset%3Dbinary
"1398 Mt Royal Avenue, Midtown Academy (interior)",Shawn James,Shawn,James,06/29/05 12:00 AM,"-76.62196512234492, 39.308377667711596",https://data.baltimorecity.gov/views/zqh4-9ud5/files/27lxXAjWbg9Ef1v_rOXuhhOlOZ6MyJCMaOUBvSaU6jk?filename=Shawn+James+and+Midtown+Academy+2007.jpg&content_type=image%2Fjpeg%3B+charset%3Dbinary
Liberty and Clay Sts.,Shawn James and Access Art Inc.,Shawn,James and Access Art Inc.,06/26/05 12:00 AM,"-76.60749999999996, 39.297300000000064",https://data.baltimorecity.gov/views/zqh4-9ud5/files/2lTfEswG-31PAh52vw2ajKaefrvbT1x6IIZJTWd_AYc?filename=Believe+Mural.jpg&content_type=image%2Fjpeg%3B+charset%3Dbinary
"700 N. Calhoun Street, Harlem Park Recreation Center",John Marra,John,Marra,07/02/05 12:00 AM,"-76.64039000000002, 39.31194000000011",https://data.baltimorecity.gov/views/zqh4-9ud5/files/2RcgYNuIbIaSOHrfXXZSAxm_hyMw1NtRRAwydIoSqzw?filename=Marra+Harlem+Park+Rec.JPG&content_type=image%2Fjpeg%3B+charset%3Dbinary
141 S. Central Ave.,Donna McCullough,Donna,McCullough,06/11/05 12:00 AM,"-76.59946353153873, 39.28932254370926",https://data.baltimorecity.gov/views/zqh4-9ud5/files/3FNrFd_XXQGkMvw0yyJCnL4EzQLBDJ77JG9691u55MU?filename=mccullough-141+s+central+ave.JPG&content_type=image%2Fjpeg%3B+charset%3Dbinary
221 Pulaski Street,Michelle Santos,Michelle,Santos,07/02/05 12:00 AM,"-76.65015279221784, 39.290990093644965",https://data.baltimorecity.gov/views/zqh4-9ud5/files/3VlJvaaD_loKiA8niBAvsyRICbfp2eff1YT0Pof4AGQ?filename=221+Pulaski+M.+Santos.JPG&content_type=image%2Fjpeg%3B+charset%3Dbinary
1800 block Hanover St,Jennifer Rattigan and MICA CAP Program,Jennifer,Rattigan and MICA CAP Program,06/25/05 12:00 AM,"-76.62630000000001, 39.266940000000034",https://data.baltimorecity.gov/views/zqh4-9ud5/files/4F4XfD4M0oRVUXOD7gGiVYrjzRPwjg8Sr1KL7Sj3yyc?filename=rattigan+-+1800+block+hanover+st+9.jpg&content_type=image%2Fjpeg%3B+charset%3Dbinary
3301 Belair Road,Charles Lawrence,Charles,Lawrence,06/29/05 12:00 AM,"-76.57347312489196, 39.321752096085845",https://data.baltimorecity.gov/views/zqh4-9ud5/files/5d_KvAT0nBs1SegqTaV3q6ThDGEx-U4x_HYlJP7gDYs?filename=C.+Lawrance+Bel+Air+Edison+001.jpg&content_type=image%2Fjpeg%3B+charset%3Dbinary
1170 Carroll St.,Shawn James,Shawn,James,06/21/05 12:00 AM,"-76.63281938560544, 39.280967842057066",https://data.baltimorecity.gov/views/zqh4-9ud5/files/5xb6uGr6--9vb2deTXn-wM7FoVTHr9PplOUw__K5h48?filename=ShawnJames+ostendmural.jpg&content_type=image%2Fjpeg%3B+charset%3Dbinary
900 N. Bond St.,Archie Veale,Archie,Veale,06/20/05 12:00 AM,"-76.59641450253403, 39.30043783617391",https://data.baltimorecity.gov/views/zqh4-9ud5/files/6_tQr_6NNc0uPlQFLQ8JdO5uVVVuwT355UTcnTL6syc?filename=Veale-+900+N.+Bond.JPG&content_type=image%2Fjpeg%3B+charset%3Dbinary
Baltimore Farmer's Market - Holliday and Saratoga Streets1,Ernie Shaw,Ernie,Shaw,06/29/05 12:00 AM,"-76.60749999999996, 39.297300000000064",https://data.baltimorecity.gov/views/zqh4-9ud5/files/6deREQj4-LSksSR3JslTv3SAwPCRrZaC0BwyuqSWkFU?filename=E.+Shaw+Farmers%27+Market+07.jpg&content_type=image%2Fjpeg%3B+charset%3Dbinary
905 Lemmon Street,John Ellsberry,John,Ellsberry,06/16/05 12:00 AM,"-76.63246865001406, 39.28633679457198",https://data.baltimorecity.gov/views/zqh4-9ud5/files/6gNSZjdMOdvLOIwmmME3-PlhIgwPnk8hwQj1725or6Q?filename=ellsberry-905+lemmon+st.JPG&content_type=image%2Fjpeg%3B+charset%3Dbinary
Baltimore Farmer's Market - Holliday and Saratoga Streets2,Laura Lynn Emberson,Laura Lynn,Emberson,06/28/05 12:00 AM,"-76.60749999999996, 39.297300000000064,",https://data.baltimorecity.gov/views/zqh4-9ud5/files/6J4nYvhHkDKtZfqrg6wBcZS57jNEVR34dGe_zMJxGhU?filename=L.L.+Emberson+Farmer%27s+Market+005.jpg&content_type=image%2Fjpeg%3B+charset%3Dbinary
1904 McCulloh St.,Lyle Kissack,Lyle,Kissack,06/23/05 12:00 AM,"-76.63382662627828, 39.30744388259967",https://data.baltimorecity.gov/views/zqh4-9ud5/files/6n7xLo1noJjbxZySh2JN28JIe_xkn7W7MlV5TSf1qq4?filename=kissack+-+1904+McCulloh+St+2.JPG&content_type=image%2Fjpeg%3B+charset%3Dbinary
2439 Charles Street,Greg Gannon,Greg,Gannon,07/03/05 12:00 AM,"-76.61689946066649, 39.317348011827555",https://data.baltimorecity.gov/views/zqh4-9ud5/files/6QBqaXWCRN7vNLShGsBqof52cfKotGDcVfsvP3bbQaY?filename=2439+N.+Charles+G.+Gannon.JPG&content_type=image%2Fjpeg%3B+charset%3Dbinary
Baltimore Farmer's Market - Holliday and Saratoga Streets3,Jennifer Rattigan,Jennifer,Rattigan,06/29/05 12:00 AM,"-76.6074999999999, 39.297300000000064",https://data.baltimorecity.gov/views/zqh4-9ud5/files/6ZFYOy506R6Gd4MJZSebqe1a-_7L2NuvjUH-WMIOXjQ?filename=J.+Rattigan+FM+07.jpg&content_type=image%2Fjpeg%3B+charset%3Dbinary
Baltimore Farmer's Market - Holliday and Saratoga Streets4,Spoon Popkin,Spoon,Popkin,06/30/05 12:00 AM,"-76.60749999999996, 39.297300000000064",https://data.baltimorecity.gov/views/zqh4-9ud5/files/72UfuwZEimX6i4MPWNhNz87M1sha_R62li7ZQNgOitk?filename=Spoon+Popkin+2008+back+view.JPG&content_type=image%2Fjpeg%3B+charset%3Dbinary
2900 Barclay Street (Mosaic),Tamara and Natalie Payne and Kossack,Tamara and Natalie,Payne and Kossack,07/03/05 12:00 AM,"-76.61110975181816, 39.32380255031262",https://data.baltimorecity.gov/views/zqh4-9ud5/files/73tQ6qiXxYCJivvKsnE993uZLrt40pc8t0GWOgvYFok?filename=IMG_0119%5B1%5D&content_type=image%2Fjpeg%3B+charset%3Dbinary
1224 W. Lombard St.,Helen Glazer,Helen,Glazer,06/15/05 12:00 AM,"-76.63743290761579, 39.286570618299606",https://data.baltimorecity.gov/views/zqh4-9ud5/files/7J8wEOHVNgek_Q51z6lKr6owLsaV3UUCY03H0RFMnYA?filename=glazer-1224+w+lombard.JPG&content_type=image%2Fjpeg%3B+charset%3Dbinary
Baltimore Farmer's Market - Holliday and Saratoga Streets5,Pontella Mason,Pontella,Mason,06/29/05 12:00 AM,"-76.60749999999996, 39.297300000000064",https://data.baltimorecity.gov/views/zqh4-9ud5/files/7rT6d_eBXnc70gHmGL-6ap_q5H01tnloYkkyhwryuSM?filename=P.+Mason+Farmers+Market.jpg&content_type=image%2Fjpeg%3B+charset%3Dbinary
Baltimore Farmer's Market - Holliday and Saratoga Streets6,Danamarie Hosler,Danamarie,Hosler,06/28/05 12:00 AM,"-76.60749999999996, 39.297300000000064",https://data.baltimorecity.gov/views/zqh4-9ud5/files/7rX0rShaFVyFvB2gK0j8LNOAhEGZuvl8sKqw5rf734o?filename=d.+hosler+2.JPG&content_type=image%2Fjpeg%3B+charset%3Dbinary
"3030 Jefferson Street, Elwood Park",Mark Selby,Mark,Selby,07/01/05 12:00 AM,"-76.56324999999987, 39.302410000000066",https://data.baltimorecity.gov/views/zqh4-9ud5/files/8_FOp6rz5jYuhNXnc9Rp1j9ZSLKk00iQKrCFZDsjTQw?filename=Mark+Selby+-+Ellwood+Park+1.JPG&content_type=image%2Fjpeg%3B+charset%3Dbinary
106 S. Calverton St.,Ernest Shaw,Ernest,Shaw,06/22/05 12:00 AM,"-76.65211940500427, 39.28673917194104",https://data.baltimorecity.gov/views/zqh4-9ud5/files/8e_aG3p06UvFWPR1qGyhvuJjHOxcg3DX7GL6Im5j_Qs?filename=Shaw+Mural.jpg&content_type=image%2Fjpeg%3B+charset%3Dbinary
4100 Eastern Avenue,Michael Owens,Michael,Owens,07/01/05 12:00 AM,"-76.56239411878697, 39.28690039548041",https://data.baltimorecity.gov/views/zqh4-9ud5/files/8GkVCDY7aPCBfEjQOp-O0CKtqdhk6zqIPFC3pcfeu1Q?filename=Michael+Owen+4100+Eastern+Ave+%2817%29.jpg&content_type=image%2Fjpeg%3B+charset%3Dbinary
3801 Eastern Avenue,Michael Kirby,Michael,Kirby,06/28/05 12:00 AM,"-76.56480366052949, 39.286723503044584",https://data.baltimorecity.gov/views/zqh4-9ud5/files/8lVpaPgRifZMWT0JuEBK2TWtB0BqEbYFxYOxT6CFqMo?filename=M.+Kirby+Highlandtown.JPG&content_type=image%2Fjpeg%3B+charset%3Dbinary
Baltimore Farmer's Market - Holliday and Saratoga Streets7,Gary Mullen,Gary,Mullen,06/29/05 12:00 AM,"-76.60749999999996, 39.297300000000064",https://data.baltimorecity.gov/views/zqh4-9ud5/files/aAbCiGRMRqPDXnkEHlew82E7wb4pLNqfBOi4geHD34E?filename=G.+Mullen+FM+07.jpg&content_type=image%2Fjpeg%3B+charset%3Dbinary
33rd and Greenmount Avenue,"Ernie, Charles and Donald Shaw, Lawrence and Tyson","Ernie, Charles and Donald","Shaw, Lawrence and Tyson",06/30/05 12:00 AM,"-76.60331999999988, 39.32947000000013",https://data.baltimorecity.gov/views/zqh4-9ud5/files/ad4WpdV1izATY4BWPigv1rh3yCr4M-MHB2QImIMpfrs?filename=Shaw%2C+Lawrance%2C+Tyson.jpg&content_type=image%2Fjpeg%3B+charset%3Dbinary
929 W. 36th Street,Jennifer Ratigan,Jennifer,Ratigan,06/28/05 12:00 AM,"-76.6316567745677, 39.33107648239006",https://data.baltimorecity.gov/views/zqh4-9ud5/files/AN8lO3L8cNyMxDn92C2mIsBX6pbxu1MQ1UPK72sJDvo?filename=Rattigan%2C+36th+Hamden.jpg&content_type=image%2Fjpeg%3B+charset%3Dbinary
"3900 Bel Air Road, Movie Shed",Emily CD,Emily,CD,06/30/05 12:00 AM,"-76.57662999999991, 39.316199999999924",https://data.baltimorecity.gov/views/zqh4-9ud5/files/Ao8I2ERRP2Snv7FsvLvx4AMP7NDmPxGXOM70Jt30gC8?filename=E.+C-D+3900+Bel+Air+Movie+Shed.jpg&content_type=image%2Fjpeg%3B+charset%3Dbinary
Baltimore Farmer's Market - Holliday and Saratoga Streets8,Gary Mullen,Gary,Mullen,06/28/05 12:00 AM,"-76.607499999999, 39.297300000000064",https://data.baltimorecity.gov/views/zqh4-9ud5/files/Asv99hEg8aWPtxYizcmDBcXfcIo8VcSoVqwG3MJuulQ?filename=g.+mullen.JPG&content_type=image%2Fjpeg%3B+charset%3Dbinary
200 N. Bentalou St.,Benari Stewart and Urban Experience,Benari,Stewart and Urban Experience,06/26/05 12:00 AM,"-76.65301815838353, 39.29096830302291",https://data.baltimorecity.gov/views/zqh4-9ud5/files/AV_dPLBJiRfHQMQVUntZx7z-IHiMxbMA6MJw_DhvbsU?filename=Stewart+-+200+North+Bentalou+lores.JPG&content_type=image%2Fjpeg%3B+charset%3Dbinary
Baltimore Farmer's Market - Holliday and Saratoga Streets9,Nelson Rivas,Nelson,Rivas,07/01/05 12:00 AM,"-76.60749999999996, 39.297300000000064",https://data.baltimorecity.gov/views/zqh4-9ud5/files/aW3uwxCYaLcs4xAoP67snQ_uWjjNJRqxnWi3sN-mAMw?filename=Farmers+Market+-+Nelson+Rivas+side+1.JPG&content_type=image%2Fjpeg%3B+charset%3Dbinary
886 Washington Blvd.,Mary Carfagno Ferguson,Mary,Carfagno Ferguson,06/18/05 12:00 AM,"-76.63094879578455, 39.282892391199766",https://data.baltimorecity.gov/views/zqh4-9ud5/files/AXQFXUGsFhOVghGykJxvleqy3s0iPLiiH6wBjg2Pc_I?filename=ferguson-886+washington+blvd.JPG&content_type=image%2Fjpeg%3B+charset%3Dbinary
Baltimore Farmer's Market - Holliday and Saratoga Streets010,Michael Kirby,Michael,Kirby,06/29/05 12:00 AM,"-76.60749999999996, 39.297300000000064",https://data.baltimorecity.gov/views/zqh4-9ud5/files/AXtWVtT04DKez4Mbk9ddFgAky2XyAAaQrR0E72xQF3s?filename=M.+Kirby+FM07.JPG&content_type=image%2Fjpeg%3B+charset%3Dbinary
503 Oldham St.,"Shawn, Xenofon, et al McRaney, Kohilas, Konsalas, Perrelli, Cavocos","Shawn, Xenofon, et al","McRaney, Kohilas, Konsalas, Perrelli, Cavocos",06/26/05 12:00 AM,"-76.55570960997416, 39.28703448054869",https://data.baltimorecity.gov/views/zqh4-9ud5/files/BA38WxzqEMVoNGRUEPFwqSyEUMLmwRClKJMzIHbJeeY?filename=Greektown+Mural.jpg&content_type=image%2Fjpeg%3B+charset%3Dbinary
Baltimore Farmer's Market - Holliday and Saratoga Streets011,Joel Bergner,Joel,Bergner,06/30/05 12:00 AM,"-76.60749999999996, 39.297300000000064",https://data.baltimorecity.gov/views/zqh4-9ud5/files/bNqeRCpPy31X355fvqOT_Hn-Ff0TOhOHDDCsteUOAA0?filename=Joel+Bergner+Farmers+Market+08.jpg&content_type=image%2Fjpeg%3B+charset%3Dbinary
1601 N. Calhoun St.,Benari Stewart and Urban Xperience,Benari,Stewart and Urban Xperience,06/27/05 12:00 AM,"-76.64185570336787, 39.30672116781016",https://data.baltimorecity.gov/views/zqh4-9ud5/files/buxmRgmrXMlwtwD_VD64KPG3NqkLSzQ39yXa-ahPte8?filename=ABS-Benari+Stewarts.jpg&content_type=image%2Fjpeg%3B+charset%3Dbinary
600 Cherry Hill Rd.,Tom Miller,Tom,Miller,06/20/05 12:00 AM,"-76.62289087040199, 39.25000418458825",https://data.baltimorecity.gov/views/zqh4-9ud5/files/c1hOHx3AgCazTsfcpCDqkuVWdXB13xhekbkgJQvkqLo?filename=miller-600+cherry+hill+rd.JPG&content_type=image%2Fjpeg%3B+charset%3Dbinary
"Herring Run Park, off Harford Road at Argonne",Charles Lawrence,Charles,Lawrence,06/30/05 12:00 AM,"-76.60331999999988, 39.3294700000001",https://data.baltimorecity.gov/views/zqh4-9ud5/files/C1K4CiFr94AznzB5w7izR7XTar3CFR_1lZs6eAMecg8?filename=Herring+Run+Park+Charles+Lawrance+2.JPG&content_type=image%2Fjpeg%3B+charset%3Dbinary
4000 Reistertown Rd.,Quentin Mosley,Quentin,Mosley,06/12/05 12:00 AM,"-76.6641132885438, 39.33384558374571",https://data.baltimorecity.gov/views/zqh4-9ud5/files/chbdfyMPVnLgef8Kx7H1x63Aua9FY3vNm6bXCHqoAPc?filename=moseley-4000+reisterstown+rd.jpg&content_type=image%2Fjpeg%3B+charset%3Dbinary
903 N. Stricker St.,Pontella Mason,Pontella,Mason,06/16/05 12:00 AM,"-76.64155180250998, 39.29909817416774",https://data.baltimorecity.gov/views/zqh4-9ud5/files/CKiOkm5cSIL9JnWdqAYX9ZnK-au9g8uacEi6qU_nf8g?filename=mason-903+North+Stricker+St.JPG&content_type=image%2Fjpeg%3B+charset%3Dbinary
114 Hamburg Street,Charles Lawrence,Charles,Lawrence,06/30/05 12:00 AM,"-76.61192395611208, 39.27833151021881",https://data.baltimorecity.gov/views/zqh4-9ud5/files/cU8z0aWtDyCpQBKlfoZMI0XjZuqcNNXAbMU5GhmX_PY?filename=114+Hamburg+St+FINAL.JPG&content_type=image%2Fjpeg%3B+charset%3Dbinary
5801 Reisterstown Rd.,James Voshell,James,Voshell,06/13/05 12:00 AM,"-76.69460280901836, 39.350728251869896",https://data.baltimorecity.gov/views/zqh4-9ud5/files/cy37OmoWICjyQB5eRFj_GEptEMrilqemDObrREi39II?filename=voshell+-+6000+reisterstown+rd+-+ncf.jpg&content_type=image%2Fjpeg%3B+charset%3Dbinary
1644 E. Pratt St.,Mary Carfagno Ferguson,Mary,Carfagno Ferguson,06/22/05 12:00 AM,"-76.59420249766731, 39.28920563184545",https://data.baltimorecity.gov/views/zqh4-9ud5/files/DIvzuYr5KsiymjRPSAuX0BF-zk8fIVYy71Q6OOZWMAA?filename=ferguson+-+1644+E+Pratt+St.jpg&content_type=image%2Fjpeg%3B+charset%3Dbinary
1301 Woodbourne Ave.,Jeffrey Cook,Jeffrey,Cook,06/20/05 12:00 AM,"-76.59492195529077, 39.35407372981888",https://data.baltimorecity.gov/views/zqh4-9ud5/files/DN0tZkK5GoQWLbQtYOJUoaXYlgzANxEl3DDb9VpSDRw?filename=cook+%26+woodburne+ctr+students-1301+woodbourne+ave+-+Great+expectations.JPG&content_type=image%2Fjpeg%3B+charset%3Dbinary
519 S. Highland Street,Joel Bergner,Joel,Bergner,06/30/05 12:00 AM,"-76.56324999999987, 39.302410000000066",https://data.baltimorecity.gov/views/zqh4-9ud5/files/DofIDyWm3TmSfvYRuaXms8B1Cb5BZ0hfGHcNP-QWuoU?filename=J.+Bergner+519+S.+HIghland.jpg&content_type=image%2Fjpeg%3B+charset%3Dbinary
1818 W. Fayette Street,Augustina Droze,Augustina,Droze,07/02/05 12:00 AM,"-76.64601243977529, 39.28950240811514",https://data.baltimorecity.gov/views/zqh4-9ud5/files/dXI4cLNWwnUC4ica-TERzIXs3MJN2ZOqvKpBhQl-DgQ?filename=1818+Fayette+A.+Droze.JPG&content_type=image%2Fjpeg%3B+charset%3Dbinary
210 E. 22nd Street,A Adams,A,Adams,07/02/05 12:00 AM,"-76.61312423316377, 39.31436866222526",https://data.baltimorecity.gov/views/zqh4-9ud5/files/E4bJtK-7zbaedOHHERHSO23iT3mUAO2H8BgF7TM-TLw?filename=210+E22nd+A.+Adams.JPG&content_type=image%2Fjpeg%3B+charset%3Dbinary
Baltimore Farmer's Market - Holliday and Saratoga Streets012,Michael Owens,Michael,Owens,06/28/05 12:00 AM,"-76.60749999999996, 39.297300000000064",https://data.baltimorecity.gov/views/zqh4-9ud5/files/EmBPm3mescZCG0aju0rMg3RogllA5Lzbyt-pfvLDIss?filename=m.+owens+2.JPG&content_type=image%2Fjpeg%3B+charset%3Dbinary
1611 Carey St.,Pontella Mason,Pontella,Mason,06/12/05 12:00 AM,"-76.6413821657709, 39.3077757819037",https://data.baltimorecity.gov/views/zqh4-9ud5/files/evXoBq6ZlVrYMft4l5cE2HCj4SQorAzOFYkec69WDNg?filename=mason-carey+%26+cumberland.jpg&content_type=image%2Fjpeg%3B+charset%3Dbinary
Ramsey and Monroe Sts.,Mary Carfagno Ferguson,Mary,Carfagno Ferguson,06/19/05 12:00 AM,"-76.65196999999989, 39.28365000000008",https://data.baltimorecity.gov/views/zqh4-9ud5/files/eYg91fBx86C72jGToGOQUgOaDuMVLu0S-aRszF1tvvM?filename=ferguson-ramsay+%26+monroe+sts.JPG&content_type=image%2Fjpeg%3B+charset%3Dbinary
1339 E. North Ave.,Tom Miller,Tom,Miller,06/13/05 12:00 AM,"-76.59960742306345, 39.31189552664472",https://data.baltimorecity.gov/views/zqh4-9ud5/files/fEIshumQ7P91h81sKxPQBTiF1gapbe1curPkvZHyJCA?filename=miller-1339+e+north+ave.JPG&content_type=image%2Fjpeg%3B+charset%3Dbinary
1617 N. Calvert St.,Charles Lawrance,Charles,Lawrance,06/16/05 12:00 AM,"-76.61359188061903, 39.308172333443395",https://data.baltimorecity.gov/views/zqh4-9ud5/files/Fm3E3xKr91AmDnXyWUox4aZoTJng2EbMn3quWLLCZy0?filename=lawrance-1617+n+calvert+st.JPG&content_type=image%2Fjpeg%3B+charset%3Dbinary
601 E. 33rd Street,Nelson Rivas,Nelson,Rivas,06/30/05 12:00 AM,"-76.6077462874286, 39.328317146899735",https://data.baltimorecity.gov/views/zqh4-9ud5/files/FPww0r9CqRM80oXBTdN5vdm6hSQWQTiGm4oIyDVALb8?filename=Waverly+Giant+Foods+-+Nelson+Rivas.jpg&content_type=image%2Fjpeg%3B+charset%3Dbinary
529 S. Broadway,Nelson Rivas,Nelson,Rivas,06/30/05 12:00 AM,"-76.59330317563803, 39.284816940342466",https://data.baltimorecity.gov/views/zqh4-9ud5/files/G5RSGd_GiiRaXEErbrb5VYslBwP2lcnnIpLGXsft5YQ?filename=N.+Rivas+529+S.+Broadway.jpg&content_type=image%2Fjpeg%3B+charset%3Dbinary
Baltimore Farmer's Market - Holliday and Saratoga Streets013,Donald Tyson,Donald,Tyson,06/30/05 12:00 AM,"-76.60749999999996, 39.297300000000064",https://data.baltimorecity.gov/views/zqh4-9ud5/files/GHhG1CzShY0J_hYfU5grVq5XtmaFqV33TFz0-piUh2k?filename=Donald+Tyson+Farmers+Market+08.jpg&content_type=image%2Fjpeg%3B+charset%3Dbinary
910 W. Pratt St.,John Ellsberry,John,Ellsberry,06/16/05 12:00 AM,"-76.63264851441988, 39.28583317423556",https://data.baltimorecity.gov/views/zqh4-9ud5/files/GO4KXoRkqK92uhHKLpAVA3PvFjwf_DXfWVjirugLkdY?filename=ellberry-910+w+pratt+st.JPG&content_type=image%2Fjpeg%3B+charset%3Dbinary
711 Poplar Grove,Robbie Woodside,Robbie,Woodside,06/09/05 12:00 AM,"-76.67214999999999, 39.310280000000034",https://data.baltimorecity.gov/views/zqh4-9ud5/files/guvLu8OnNkOfdrNMu6wPjvfn-PqVa9nIZHIu0cPTbTI?filename=Train+Mural.jpg&content_type=image%2Fjpeg%3B+charset%3Dbinary
325 N. Fulton Ave.,Lyle Kissack and MICA Community Arts Partnerships,Lyle,Kissack and MICA Community Arts Partnerships,06/26/05 12:00 AM,"-76.64532280291871, 39.292289762845",https://data.baltimorecity.gov/views/zqh4-9ud5/files/gXqX3dhUd-S2w_wIwaARsQi5ggD96FEjFcn8RzuumjM?filename=CAP+-+325+Fulton.JPG&content_type=image%2Fjpeg%3B+charset%3Dbinary
2043 Pennsylvania Avenue,Donald Tyson,Donald,Tyson,06/30/05 12:00 AM,"-76.6381793449001, 39.30646362158774",https://data.baltimorecity.gov/views/zqh4-9ud5/files/hAwmdeS_W5P6tCH5C2SsVnz_EMREq4gMZA1ow8-dCL0?filename=D.+Tyson+2043+Penn+Ave..jpg&content_type=image%2Fjpeg%3B+charset%3Dbinary
528 Benninghaus Street,Lyle Kissack,Lyle,Kissack,07/01/05 12:00 AM,"-76.6091207497683, 39.35902873204613",https://data.baltimorecity.gov/views/zqh4-9ud5/files/hFTtkrztdjiQFp1TCOhtxrs2D8xahzDn_6MihoMOsos?filename=Lyle+Kissack+528+Benninghaus+Rd..jpg&content_type=image%2Fjpeg%3B+charset%3Dbinary
Baltimore Farmer's Market - Holliday and Saratoga Streets014,Bill Remington,Bill,Remington,06/28/05 12:00 AM,"-76.60749999999996, 39.297300000000064",https://data.baltimorecity.gov/views/zqh4-9ud5/files/hu7NN9-6uqK77AcR0nUhN9tyfX0-YgmkV79CzIROZqA?filename=b.+remington+2.JPG&content_type=image%2Fjpeg%3B+charset%3Dbinary
Ashton and Smallwood Sts.,Jay Wolf Schlossberg Cohen and Community Youth,Jay Wolf Schlossberg,Cohen and Community Youth,06/22/05 12:00 AM,"-76.65196999999989, 39.28365000000008",https://data.baltimorecity.gov/views/zqh4-9ud5/files/HYninQ0ZcqQ4Jk9NBCAryU5DG7juTbU7v_fpD09uS-A?filename=Cohen+and+community+youth.jpg&content_type=image%2Fjpeg%3B+charset%3Dbinary
Cathedral and Centre Sts.,Mary Carfagno Ferguson and women of My Sister's Place,Mary Carfagno,Ferguson and women of My Sister's Place,06/19/05 12:00 AM,"-76.62253999999996, 39.294880000000035",https://data.baltimorecity.gov/views/zqh4-9ud5/files/hZ2eTFej2qAyku9Ku3ggA7DLv8lV_Vp6p-Mt6qmAxpM?filename=ferguson%2C+pugh%2C+my+sister%27s+place-cathedral+%26+centre+sts+-+ncf+2.JPG&content_type=image%2Fjpeg%3B+charset%3Dbinary
2117  E. North Ave.,Pontella Mason,Pontella,Mason,06/19/05 12:00 AM,"-76.60749999999996, 39.297300000000064",https://data.baltimorecity.gov/views/zqh4-9ud5/files/IbSo-ZDSEbT7vZuTUqNtaFFe-tu69hZc8BwB0KqJXko?filename=mason-2117+or+2125+e+north+ave.JPG&content_type=image%2Fjpeg%3B+charset%3Dbinary
38 E. Cross St.,Ray Ridenour,Ray,Ridenour,06/21/05 12:00 AM,"-76.61306128062176, 39.27695686580637",https://data.baltimorecity.gov/views/zqh4-9ud5/files/ieu6gHPZovQ8gAzlUo0_xKFxHIGu-ddaRGCOuEqrC1Q?filename=Cross+Street+Mural.jpg&content_type=image%2Fjpeg%3B+charset%3Dbinary
Russell and Hamburg Sts.,Unknown Wyland,Unknown,Wyland,06/15/05 12:00 AM,"-76.62630000000001, 39.266940000000034",https://data.baltimorecity.gov/views/zqh4-9ud5/files/ihoPN3LI0b7omvpxO-b75vj3kxplzOHxh-IGY2gFXlI?filename=wyland+-+600+W+Hamburg.jpg&content_type=image%2Fjpeg%3B+charset%3Dbinary
1207 E. North Ave.,Ernest Shaw,Ernest,Shaw,06/22/05 12:00 AM,"-76.60210753830489, 39.31180559444175",https://data.baltimorecity.gov/views/zqh4-9ud5/files/IMPRymS9E-0-emrAZIjPgydevU-e74rTQTaMkxR2ygM?filename=Shaw+Mural+001.jpg&content_type=image%2Fjpeg%3B+charset%3Dbinary
Ashland Ave. and N. Washington St.,Stephanie Garmey,Stephanie,Garmey,06/10/05 12:00 AM,"-76.58972387396142, 39.300671987719056",https://data.baltimorecity.gov/views/zqh4-9ud5/files/IvH7thzwP3YONbeliaLdBtVZc0tujXR6j-xm2xeLGdo?filename=garney+-+ashland+%26+washington+sts.JPG&content_type=image%2Fjpeg%3B+charset%3Dbinary
2424 McElderry Street,Pontella Mason,Pontella,Mason,06/29/05 12:00 AM,"-76.58289911054764, 39.29776877923117",https://data.baltimorecity.gov/views/zqh4-9ud5/files/j3IwFIb_B4xuCeUpdjevNbp7ynpkrwXd9UwVxcyskB8?filename=P+Mason+2424+McElderry.JPG&content_type=image%2Fjpeg%3B+charset%3Dbinary
601 E. 33rd Street,Danamarie Hosler,Danamarie,Hosler,06/30/05 12:00 AM,"-76.6077462874286, 39.328317146899735",https://data.baltimorecity.gov/views/zqh4-9ud5/files/jgZyh0WyAs23GAboNhRrDd_4Nj1ujlsMbwgV7wPz8Tc?filename=Danamaie+Hosler+Waverly+Giant+Mural+Panel+5+2008.jpg&content_type=image%2Fjpeg%3B+charset%3Dbinary
1503 Durham Street,Donald Tyson,Donald,Tyson,07/03/05 12:00 AM,"-76.59203847368704, 39.30763277107453",https://data.baltimorecity.gov/views/zqh4-9ud5/files/jiyno09GTeV6S9udryuTohL-lQTLBbHutQvFeFP-Jmo?filename=1503+Durham+D.+Tyson.JPG&content_type=image%2Fjpeg%3B+charset%3Dbinary
436 W. Lafayette Street,Joel Bergner,Joel,Bergner,07/03/05 12:00 AM,"-76.60749999999996, 39.297300000000064",https://data.baltimorecity.gov/views/zqh4-9ud5/files/JJ0GzN5bY4baL6xg8MPd57UavNjvJ7T8T6U1vW3O97o?filename=436+J.+Bergner+side.JPG&content_type=image%2Fjpeg%3B+charset%3Dbinary
1219 Bayard St.,Mary Carfagno Ferguson,Mary,Carfagno Ferguson,06/20/05 12:00 AM,"-76.6360119788095, 39.2790342996941",https://data.baltimorecity.gov/views/zqh4-9ud5/files/jOvc70tOlQ3YJUn4vbwKimiFnGGbr-9owrQOGIs-ges?filename=ferguson_bayard.jpg&content_type=image%2Fjpeg%3B+charset%3Dbinary
James St. near Ramsey St.,Tony Shore and Area skateboarders,Tony,Shore and Area skateboarders,06/22/05 12:00 AM,"-76.62630000000001, 39.266940000000034",https://data.baltimorecity.gov/views/zqh4-9ud5/files/JvdNDhlqHASFy0OOlnfaDhWp4GTKoQ6V7XsupWF2Hhg?filename=shore+-+ramsay+%26+james+sts+5+3.04+.JPG&content_type=image%2Fjpeg%3B+charset%3Dbinary
Baltimore Farmer's Market - Holliday and Saratoga Streets015,Kien Nyugen,Kien,Nyugen,06/28/05 12:00 AM,"-76.60749999999996, 39.297300000000064",https://data.baltimorecity.gov/views/zqh4-9ud5/files/jXi1xEAt1uunjfsrE5yoVZANMMMrgcsp3eZeAEJAGTg?filename=k.+nyugen+2.JPG&content_type=image%2Fjpeg%3B+charset%3Dbinary
210 Guilford Street,Danamarie Hosler,Danamarie,Hosler,06/29/05 12:00 AM,"-76.61116370376675, 39.2914038296096",https://data.baltimorecity.gov/views/zqh4-9ud5/files/k_jdQPvUJ4AdYRHNQffjUO-w5pjhZBTC_n2_he_cQUQ?filename=Health+Dept+D.+Hosler.jpg&content_type=image%2Fjpeg%3B+charset%3Dbinary
Baltimore Farmer's Market - Holliday and Saratoga Streets016,Danamarie Hosler,Danamarie,Hosler,06/29/05 12:00 AM,"-76.60749999999996, 39.297300000000064",https://data.baltimorecity.gov/views/zqh4-9ud5/files/K3FpbTtHbWTy507gVO4qTSnL-Rk-JScTusSJnkGgqIo?filename=DM+Hosler+FM07.jpg&content_type=image%2Fjpeg%3B+charset%3Dbinary
759 Washington Boulevard,Augustina Droze,Augustina,Droze,07/01/05 12:00 AM,"-76.62769325003848, 39.283072255605646",https://data.baltimorecity.gov/views/zqh4-9ud5/files/Kc4WTJhvNEBwk9WEMVpCN-ZaHL1HEjmocklWUGnpAas?filename=A.+Droze+759+Washington+Blvd.jpg&content_type=image%2Fjpeg%3B+charset%3Dbinary
540 Lakewood Street,Gary Mullen,Gary,Mullen,06/30/05 12:00 AM,"-76.56324999999987, 39.302410000000066",https://data.baltimorecity.gov/views/zqh4-9ud5/files/KH6I8XwKj08sSifktZ0X5oLfjmWJTOcqmuLqoEzeLc0?filename=540+Lakewood+001.jpg&content_type=image%2Fjpeg%3B+charset%3Dbinary
529 E. 21st Street,Danamarie Hosler,Danamarie,Hosler,06/30/05 12:00 AM,-76.608600643356 39.31355927239889,https://data.baltimorecity.gov/views/zqh4-9ud5/files/Koh9NlQ2vW4eGjU3acBDj3CfsJHq6op4UEwmTvi5aLk?filename=D.+Hosler+529+E+21st+001.jpg&content_type=image%2Fjpeg%3B+charset%3Dbinary
765 W. Cross St.,Patrick Jacobson,Patrick,Jacobson,06/21/05 12:00 AM,"-76.62786412122404, 39.27977174375809",https://data.baltimorecity.gov/views/zqh4-9ud5/files/KxccjdBhiBTqJ1BLDNyG8YLAwW-WuRAxV0wdMe9aUmA?filename=jacobson+-+765+W+Cross+Street+2.JPG&content_type=image%2Fjpeg%3B+charset%3Dbinary
1317 W. Baltimore St.,Lyle Kissack and MICA CAP Program,Lyle,Kissack and MICA CAP Program,06/27/05 12:00 AM,"-76.63889382547316, 39.28846556635039",https://data.baltimorecity.gov/views/zqh4-9ud5/files/L0uZV4kJCIDNOV3i91VtkqnCqy8ISJstZlXJWRw9LbI?filename=SoWeBo+Mural.jpg&content_type=image%2Fjpeg%3B+charset%3Dbinary
600 W. 28th St.,John Ellsberry,John,Ellsberry,06/09/05 12:00 AM,"-76.63518999999991, 39.3310099999999",https://data.baltimorecity.gov/views/zqh4-9ud5/files/LuEGShNeq7xyVUmWHZsibq13bKVdCWCNxZ6WKCb9MpA?filename=ellsberry+-+600+w+28+st+3.JPG&content_type=image%2Fjpeg%3B+charset%3Dbinary
2222 Druid Park Dr.,Camillia Blackwell,Camillia,Blackwell,06/09/05 12:00 AM,"-76.63787156223106, 39.30943185475045",https://data.baltimorecity.gov/views/zqh4-9ud5/files/LVMq7D3f_fFsE9sZDAwUfztwsYAQjtlWpdHhjgYcCdY?filename=Druid+Hill+Park+Mural.jpg&content_type=image%2Fjpeg%3B+charset%3Dbinary
610 S. Broadway,Shawn James,Shawn,James,06/28/05 12:00 AM,"-76.59353699936565, 39.28409748271906",https://data.baltimorecity.gov/views/zqh4-9ud5/files/LWAfI8VK_jnbba_8m0cLaNXljvzhe_5vOJQBU6SLwSk?filename=Shawn+James+Broadway+Temporary+front.jpg&content_type=image%2Fjpeg%3B+charset%3Dbinary
2174 Hollins St.,Ernest Shaw,Ernest,Shaw,06/21/05 12:00 AM,"-76.65103901021284, 39.28701276375379",https://data.baltimorecity.gov/views/zqh4-9ud5/files/LXh9thKMBRxL6dqVRpgyRxobvLO_vesN5a_hfzXt4H0?filename=Shaw+-+2174+Hollins+St.jpg&content_type=image%2Fjpeg%3B+charset%3Dbinary
North and Harford Rds.,Tom Miller,Tom,Miller,06/18/05 12:00 AM,"-76.57662999999991, 39.316199999999924",https://data.baltimorecity.gov/views/zqh4-9ud5/files/m_N0IyxPDFZBwH7QEgJ2KSVsJ9WeTyIulRmsM9DOTdg?filename=miller+-+north+ave+%26+hartford+rd+%28orig+1992%29+3.jpg&content_type=image%2Fjpeg%3B+charset%3Dbinary
Greenmount Ave. and Venerable Ave.,Robert Heironimus,Robert,Heironimus,06/18/05 12:00 AM,"-76.60331999999988, 39.32947000000013",https://data.baltimorecity.gov/views/zqh4-9ud5/files/m-QGLtvi8btd6bllSy7ZecoOZabKRCLSytHw8eajfkA?filename=Heironomous+Mural.jpg&content_type=image%2Fjpeg%3B+charset%3Dbinary
711 N. Carey St.,Deborah English,Deborah,English,06/11/05 12:00 AM,"-76.63862001269445, 39.29702973350038",https://data.baltimorecity.gov/views/zqh4-9ud5/files/mav3nMczyXG9llGV1t-ChAblpY5vBRQtdeYKQnMmKo8?filename=English+-+711+N.+Carey+Street.JPG&content_type=image%2Fjpeg%3B+charset%3Dbinary
Baltimore Farmer's Market - Holliday and Saratoga Streets017,Seth Goodman,Seth,Goodman,06/30/05 12:00 AM,"-76.60749999999996, 39.297300000000064",https://data.baltimorecity.gov/views/zqh4-9ud5/files/MPRRZ9SyymW8l-SSoAe6I-us1RhOzxqbokDXeeYJilM?filename=Seth+Goodman+Farmers+Market+08+alt+view.jpg&content_type=image%2Fjpeg%3B+charset%3Dbinary
2324 McElderry St.,Patrick Jacobson,Patrick,Jacobson,06/17/05 12:00 AM,"-76.58422002314211, 39.29765925892087",https://data.baltimorecity.gov/views/zqh4-9ud5/files/MT9IQB8HEn1FygD0SAKQgM9bLm0j01zkgHiAlQUXpOo?filename=jacobson-2324+mcelderry+st+-+hope+for+the+children.JPG&content_type=image%2Fjpeg%3B+charset%3Dbinary
600 Cherry Hill Rd.,Tom Miller,Tom,Miller,06/09/05 12:00 AM,"-76.62289087040199, 39.25000418458825",https://data.baltimorecity.gov/views/zqh4-9ud5/files/MwIj9A97qmNCx9RqWnvSsFVBQQvrE40IIbbqxZVsBeI?filename=Miller+Mural.jpg&content_type=image%2Fjpeg%3B+charset%3Dbinary
Baltimore Farmer's Market - Holliday and Saratoga Streets018,Michelle Santos,Michelle,Santos,06/29/05 12:00 AM,"-76.60749999999996, 39.297300000000064",https://data.baltimorecity.gov/views/zqh4-9ud5/files/o-2j8tgW7XZyx5XhbtUUdgpiwAZwQkJdiPObufxxmeQ?filename=M+Santos+Detail+2.jpg&content_type=image%2Fjpeg%3B+charset%3Dbinary
North Ave and Harford Road,Spoon and Dan Popkin and Van Allen,Spoon and Dan,Popkin and Van Allen,06/25/05 12:00 AM,"-76.57662999999991, 39.316199999999924",https://data.baltimorecity.gov/views/zqh4-9ud5/files/O-gc85fWCQx5k5e6ebFeuLXYjTodnv8Z268jrHhddP8?filename=miller+-+1339+E+north+ave+-+restored.jpg&content_type=image%2Fjpeg%3B+charset%3Dbinary
N. Duncan and McElderry Streets, MICA and HEBCAC,,MICA and HEBCAC,06/24/05 12:00 AM,"-76.56324999999987, 39.302410000000066",https://data.baltimorecity.gov/views/zqh4-9ud5/files/O1ee41zt_NS6493o-6EfijCN4yZh5HwjgnfK07QcUpM?filename=MICA+Mural.jpg&content_type=image%2Fjpeg%3B+charset%3Dbinary
1425 Mulberry Street,Aleks Martray,Aleks,Martray,06/28/05 12:00 AM,"-76.64015259533683, 39.29310232572219",https://data.baltimorecity.gov/views/zqh4-9ud5/files/o2KmVfeYHbdByDOozML-eIbwcDdUNlZidsf9bdYm9oM?filename=Aleks+Martray+1425+Mulberry+St..jpg&content_type=image%2Fjpeg%3B+charset%3Dbinary
330 W. Lafayette Street,Josh Van Horne,Josh,Van Horne,07/02/05 12:00 AM,"-76.60749999999996, 39.297300000000064",https://data.baltimorecity.gov/views/zqh4-9ud5/files/OaOh8pwjIaMbT5cGYbvrZJ1QXSeBFw0RQteHnc2J5yU?filename=330+Lafayette+J.+vanHorne.JPG&content_type=image%2Fjpeg%3B+charset%3Dbinary
Ramsay and Cross Sts.,John Ellsberry,John,Ellsberry,06/20/05 12:00 AM,"-76.62630000000001, 39.266940000000034",https://data.baltimorecity.gov/views/zqh4-9ud5/files/oEjY-1T-0FNxENlY9ikMLqKpqBpUUm6_w71QbMfKL1c?filename=ellsberry-ramsay+%26+cross+sts%2C+b%26o.JPG&content_type=image%2Fjpeg%3B+charset%3Dbinary
N. Stricker and W. Franklin Sts.,Gary Mullen with Community Youth,Gary,Mullen with Community Youth,06/23/05 12:00 AM,"-76.65196999999989, 39.28365000000008",https://data.baltimorecity.gov/views/zqh4-9ud5/files/OeSyr4lECLnXansyEWqOOvw2A8rs1Ob8iEb9uUAZxDg?filename=Mullen+%26+community+youth+-+stricker+%26+Franklin+sts.JPG&content_type=image%2Fjpeg%3B+charset%3Dbinary
601 E. 33rd Street,Gary Mullen,Gary,Mullen,06/30/05 12:00 AM,"-76.6077462874286, 39.328317146899735",https://data.baltimorecity.gov/views/zqh4-9ud5/files/OEXpKIpMflsb93QSk-SRb77KwSlTEEQe7VMEOYV3osc?filename=Gary+Mullen+33rd+and+Greenmount+Panel+2+2008.jpg&content_type=image%2Fjpeg%3B+charset%3Dbinary
2798 The Alemeda,Lyle and Brian Kissack and Probst,Lyle and Brian,Kissack and Probst,07/01/05 12:00 AM,"-76.59306895234195, 39.32312094688387",https://data.baltimorecity.gov/views/zqh4-9ud5/files/opB1urZVN1EOz2C8MFPU9JQee6Lr1P5RbP-_jhg72Do?filename=Probst-Kissack+MACA.jpg&content_type=image%2Fjpeg%3B+charset%3Dbinary
2124 Mura St.,Charles Lawrence,Charles,Lawrence,06/22/05 12:00 AM,"-76.58733167736347, 39.30508765888288",https://data.baltimorecity.gov/views/zqh4-9ud5/files/oQjstVFiHF-mpJMUaEw8JEVyRaesEidCIOoE42LqblA?filename=lawrance++2122+mura+st+2.4.04+2.jpg&content_type=image%2Fjpeg%3B+charset%3Dbinary
601 E. 33rd Street,Michael Owens,Michael,Owens,06/30/05 12:00 AM,"-76.6077462874286, 39.328317146899735",https://data.baltimorecity.gov/views/zqh4-9ud5/files/Otl20JDbEEH8L0mEiu_uP_ZGkBmV5pyTreTRRPxV2Ws?filename=Michael+Owen+Waverly+Giant+Mural+Panel+3.jpg&content_type=image%2Fjpeg%3B+charset%3Dbinary
801 McCulloh St.,Gary Mullen,Gary,Mullen,06/21/05 12:00 AM,"-76.62299878904554, 39.29868448603429",https://data.baltimorecity.gov/views/zqh4-9ud5/files/p9ctYeW9Ymj7sAGnxDV6XTSXiRsKbw7sfvWg9EGrCY8?filename=mullen+-+801+mccullough+2.4.04.jpg&content_type=image%2Fjpeg%3B+charset%3Dbinary
1940 Druid Hill Avenue,Michelle Santos,Michelle,Santos,07/03/05 12:00 AM,"-76.63519359576281, 39.30739891649819",https://data.baltimorecity.gov/views/zqh4-9ud5/files/pAgBV3A_6oqhB02RW-Op56XpMxIEtOtnizin3DMGKO4?filename=1940+Druid+Hill+M.+Santos.JPG&content_type=image%2Fjpeg%3B+charset%3Dbinary
2009 Annapolis Rd.,Patricia Stoakley,Patricia,Stoakley,06/17/05 12:00 AM,"-76.6316412737471, 39.26682150653619",https://data.baltimorecity.gov/views/zqh4-9ud5/files/pakZ97C2-5Q1gEsfWBC_tfZWHwod7JE_7WpolJ2QVCk?filename=stoakley-2009+annapolis+rd.JPG&content_type=image%2Fjpeg%3B+charset%3Dbinary
401 Whitridge Street,Lyle Kissack,Lyle,Kissack,07/02/05 12:00 AM,"-76.61107265930985, 39.32152483305248",https://data.baltimorecity.gov/views/zqh4-9ud5/files/PcOOpS8yc3_kVnEjVr6CN62yXeSgRWW3hKCDCz9CRHg?filename=401+Whitridge+l.+Kissack.JPG&content_type=image%2Fjpeg%3B+charset%3Dbinary
400 N. Pulaski St.,Archie Veale,Archie,Veale,06/16/05 12:00 AM,"-76.65038238493479, 39.292804555825306",https://data.baltimorecity.gov/views/zqh4-9ud5/files/pm-WHuygg1Lle38AFItdwpZkBD1fKIY1rZTg3jT3ZxA?filename=veale-400+n+pulaski+st.JPG&content_type=image%2Fjpeg%3B+charset%3Dbinary
343 Scott St.,Mary Carfagno Ferguson,Mary,Carfagno Ferguson,06/21/05 12:00 AM,"-76.62888035511713, 39.2838996318726",https://data.baltimorecity.gov/views/zqh4-9ud5/files/pTOY2ES_4Xb3JP9OXwFz_jP_RwBiwhOVlTFngTtixic?filename=Ferguson+-+343+Scott+Street.JPG&content_type=image%2Fjpeg%3B+charset%3Dbinary
4000 Park Heights Ave.,Lyle and Gerald Kissack and Ross,Lyle and Gerald,Kissack and Ross,06/17/05 12:00 AM,"-76.66280278206233, 39.33472931296865",https://data.baltimorecity.gov/views/zqh4-9ud5/files/PvgjL4HXDsSsWPnYZKcevR5BgBScUI_j6176UvuZyBc?filename=kissack+%26+ross-2626+Shirley+Ave.JPG&content_type=image%2Fjpeg%3B+charset%3Dbinary
Baltimore Farmer's Market - Holliday and Saratoga Streets019,Alisha Marchewka,Alisha,Marchewka,06/29/05 12:00 AM,"-76.60749999999996, 39.297300000000064",https://data.baltimorecity.gov/views/zqh4-9ud5/files/qmyA-op2ZlM46ce9vKeUeZZFmqZrnGDCtpp1pbbkvhw?filename=A.+Marchewka+Farmers+Market.JPG&content_type=image%2Fjpeg%3B+charset%3Dbinary
3500 Hillen Rd.,John Ford,John,Ford,06/09/05 12:00 AM,"-76.58903139599886, 39.33167161806898",https://data.baltimorecity.gov/views/zqh4-9ud5/files/QV36z21t7zun27dJvizJDwAnZB4TWLB_LOsnJrNGDwc?filename=Morgenthaler.jpg&content_type=image%2Fjpeg%3B+charset%3Dbinary
Baltimore Farmer's Market - Holliday and Saratoga Streets020,Brooks Todd,Brooks,Todd,06/29/05 12:00 AM,"-76.60749999999996, 39.297300000000064",https://data.baltimorecity.gov/views/zqh4-9ud5/files/rk-7xMOI6onmQOtokfkYX5Hf-oOeeky02TgxG--kjGQ?filename=M.+Todd+FM+07.jpg&content_type=image%2Fjpeg%3B+charset%3Dbinary
"2410 Tolley Street, Morrell Park",Chris Peters and Access Art,Chris,Peters and Access Art,07/02/05 12:00 AM,"-76.65196999999989, 39.28365000000008",https://data.baltimorecity.gov/views/zqh4-9ud5/files/RLXPN_F7pb0SaonkUD_ZF-jwRS5EWMUDS3d_-cg1D-I?filename=Morrell+Park+side.jpg&content_type=image%2Fjpeg%3B+charset%3Dbinary
Baltimore Farmer's Market - Holliday and Saratoga Streets021,Guy Jones,Guy,Jones,06/28/05 12:00 AM,"-76.60749999999996, 39.297300000000064",https://data.baltimorecity.gov/views/zqh4-9ud5/files/rZTN0dXIvmnMx0p5SI3z-pbrtGNGwYyVP64BP2wnaXs?filename=g.+jones+2.JPG&content_type=image%2Fjpeg%3B+charset%3Dbinary
2000 E. Pratt St.,Mary Carfagno Ferguson,Mary,Carfagno Ferguson,06/16/05 12:00 AM,"-76.58881555871181, 39.289448448793394",https://data.baltimorecity.gov/views/zqh4-9ud5/files/S5LoGjWCmPhQTuvJ3N67ILl8wSSDaqIK3oME7MSUS5Y?filename=ferguson-2000+e+pratt+st.JPG&content_type=image%2Fjpeg%3B+charset%3Dbinary
2229 1/2 W. Pratt St.,James Voshell,James,Voshell,06/12/05 12:00 AM,"-76.65235266008187, 39.284897879325115",https://data.baltimorecity.gov/views/zqh4-9ud5/files/SPRvi2RI3Pl15prfuZ80nAlGZ_lgCsCxCSwt7-E9UP4?filename=voshell-2229.5+w+pratt+st.jpg&content_type=image%2Fjpeg%3B+charset%3Dbinary
401E. Lorraine St.,Erik Warren,Erik,Warren,06/18/05 12:00 AM,"-76.60331999999988, 39.32947000000013",https://data.baltimorecity.gov/views/zqh4-9ud5/files/T0M2ttTYz_M2GrN8KbIER-DI1E9M1abOp5OD219MSAY?filename=warren-401+e+lorriane+st.JPG&content_type=image%2Fjpeg%3B+charset%3Dbinary
1740 Druid Hill Ave.,Tom Miller and MICA,Tom,Miller and MICA,06/22/05 12:00 AM,"-76.63329602628102, 39.30584308938751",https://data.baltimorecity.gov/views/zqh4-9ud5/files/T4DM0VbEQ-pOf2FMMm8L--EzPHzxUgSkKzQmrBbs3jQ?filename=Marbel+Hill+Mural.jpg&content_type=image%2Fjpeg%3B+charset%3Dbinary
801 McCulloh St.,Kylis Winborne,Kylis,Winborne,06/21/05 12:00 AM,"-76.62299878904554, 39.29868448603429",https://data.baltimorecity.gov/views/zqh4-9ud5/files/Tc3A_S6YIpyohPo9-Nbtz4GHeo6v0-mXcZKR-AkSK1Y?filename=winborne+-+801+mccullough+2.4.04+2.jpg&content_type=image%2Fjpeg%3B+charset%3Dbinary
1115 Hollins St.,Espi and Jennifer Frazier and Rattigan,Espi and Jennifer,Frazier and Rattigan,06/25/05 12:00 AM,"-76.63570620931955, 39.28738000812598",https://data.baltimorecity.gov/views/zqh4-9ud5/files/teBaFn9CBRqVu2r-eeW-oBeW2be8XJi6SvjGyGDZT-w?filename=frazier+%26+rattigan+-+1115+hollins+st+3.JPG&content_type=image%2Fjpeg%3B+charset%3Dbinary
416 Monroe Street,Sunny Miller,Sunny,Miller,07/03/05 12:00 AM,"-76.6467109421284, 39.282715815213734",https://data.baltimorecity.gov/views/zqh4-9ud5/files/TN4VcWX9sMrYQH2pgbF_2SvC1_8RH5ygkrwgXzi33EQ?filename=416+s.+monroe+s.+miller+light.JPG&content_type=image%2Fjpeg%3B+charset%3Dbinary
450 E. 22nd St.,Lyle Kissack,Lyle,Kissack,06/21/05 12:00 AM,"-76.60966184335098, 39.31451255374998",https://data.baltimorecity.gov/views/zqh4-9ud5/files/tsVc2_PTp9X90ceLdh6WnmvXOf0VJ_ygp1C-0HCuDc0?filename=Kissack+Mural.jpg&content_type=image%2Fjpeg%3B+charset%3Dbinary
Baltimore Farmer's Market - Holliday and Saratoga Streets022,John Marra,John,Marra,07/01/05 12:00 AM,"-76.60749999999996, 39.297300000000064",https://data.baltimorecity.gov/views/zqh4-9ud5/files/TVW5F_IYcneLIMXT8z-vh9L1OXLxWEHGVMBab5CTMkw?filename=John++Marra+Farmers%27+Market.jpg&content_type=image%2Fjpeg%3B+charset%3Dbinary
3120 Erdman Avenue,Paul Bertholet,Paul,Bertholet,07/03/05 12:00 AM,"-76.57272668760766, 39.321059618123286",https://data.baltimorecity.gov/views/zqh4-9ud5/files/TZIEau9xh6-baKmxaRwRSHgiTmY_BJ3o6diJQckOkFU?filename=3120+Erdman+Ave+detail2+P.+Bertholet.JPG&content_type=image%2Fjpeg%3B+charset%3Dbinary
4337 Park Heights,Danamarie Hosler,Danamarie,Hosler,07/01/05 12:00 AM,"-76.68362000000002, 39.34556999999995",https://data.baltimorecity.gov/views/zqh4-9ud5/files/uQIZ8VHlRLUzRmWsjEi7CepkpUJ226ZdmuLHHVvO-Nw?filename=Danamarie+Hosler+-+4337+Park+Heights.JPG&content_type=image%2Fjpeg%3B+charset%3Dbinary
27th and Greenmount,Cindy and Lyle Garcia and Kissack,Cindy and Lyle,Garcia and Kissack,06/28/05 12:00 AM,"-76.60331999999988, 39.32947000000013",https://data.baltimorecity.gov/views/zqh4-9ud5/files/urW9R1mu_QlfRVdZpof0SAXzOYCD0XDZOMce6IAqRZ0?filename=27th+and+Greenmount+Cindy+Garcia+and+Lyle+Kissack+MACA.jpg&content_type=image%2Fjpeg%3B+charset%3Dbinary
837 Washington Blvd.,"Tony, Shawn Shore, James, Access Art","Tony, Shawn","Shore, James, Access Art",06/26/05 12:00 AM,"-76.62996853477262, 39.28291937086067",https://data.baltimorecity.gov/views/zqh4-9ud5/files/vIP_WRhLLi56lGxx4Hot2FYSFtn3jZSlQoyDAT-myVA?filename=Shore+%26+James+-+837+Washington+Blvd.JPG&content_type=image%2Fjpeg%3B+charset%3Dbinary
1928 Pennsylvania Avenue (mosaic),Julie and Leslie Stovall and Furlong,Julie and Leslie,Stovall and Furlong,06/25/05 12:00 AM,"-76.63742391439547, 39.30581610972661",https://data.baltimorecity.gov/views/zqh4-9ud5/files/vPuecwZ3XZ-voL_8uHWfjXFLgKiWjm5YNZYa68Rz4WY?filename=penn+ave.JPG&content_type=image%2Fjpeg%3B+charset%3Dbinary
592 Presstman Street,Lyle Kissack,Lyle,Kissack,06/29/05 12:00 AM,"-76.63824285197951, 39.30561263124648",https://data.baltimorecity.gov/views/zqh4-9ud5/files/W_2qfsbzm0AMd5-76Kp340WmqzNLSvVf6Fda3MlgSwk?filename=Newborn+592+Presstman+L.+Kissack.jpg&content_type=image%2Fjpeg%3B+charset%3Dbinary
3424 Elm Avenue,Charles Lawrence,Charles,Lawrence,07/03/05 12:00 AM,"-76.63118153080997, 39.328900494898825",https://data.baltimorecity.gov/views/zqh4-9ud5/files/W66cyIatj56fOCTIgcw7OKQrW6C64gfCXyGGx56vQA0?filename=IMG_0197%5B1%5D&content_type=image%2Fjpeg%3B+charset%3Dbinary
1000 N. Patterson Park Ave.,Lyle and Gerald Kissack and Ross,Lyle and Gerald,Kissack and Ross,06/19/05 12:00 AM,"-76.58539753018476, 39.30189570183552",https://data.baltimorecity.gov/views/zqh4-9ud5/files/W874qxfXcU-_GlpkmNsrOWWB2PWPUZPPlZ7m9-s62RU?filename=kissack+%26+ross-1000+N.+Patterson+Park+Ave+1.JPG&content_type=image%2Fjpeg%3B+charset%3Dbinary
3313 Greenmount Avenue,Tom Chalkley,Tom,Chalkley,07/02/05 12:00 AM,"-76.60943701284367, 39.32893767909991",https://data.baltimorecity.gov/views/zqh4-9ud5/files/WBOUy7t4KTEnMAFXbgoZCHcHA_1W9_BlVbKce8fd35A?filename=3313+greenmount+T.+Chalkely+1.jpg&content_type=image%2Fjpeg%3B+charset%3Dbinary
"1200 Hollins Street, Hollins Market Parking Lot",Chevelle M. Moore Jones,Chevelle M.,Moore Jones,06/10/05 12:00 AM,"-76.63671198815629, 39.28764946593816",https://data.baltimorecity.gov/views/zqh4-9ud5/files/WCSfeADmSStVLO47Wfv-jkqsITwMFWc42q_7uSlbVAM?filename=moore+jones+-+1200+hollins+st+market+parking+lot.JPG&content_type=image%2Fjpeg%3B+charset%3Dbinary
Howard and Franklin Sts.,"Derek, Archie, Nichole… Arnold, Veale, Gray, Mason, Waters-Eller","Derek, Archie, Nichole…","Arnold, Veale, Gray, Mason, Waters-Eller",06/17/05 12:00 AM,"-76.62253999999996, 39.294880000000035",https://data.baltimorecity.gov/views/zqh4-9ud5/files/wF151w0008zhIUCS7UfVegHi03T0BqxnLFqRWiYwEC8?filename=Howard+%26+Franklin.jpg&content_type=image%2Fjpeg%3B+charset%3Dbinary
115 W. Mulberry Street,Mary Carfagno Women's Mural Project and Ferguson,Mary Carfagno,Women's Mural Project and Ferguson,06/18/05 12:00 AM,"-76.62253999999996, 39.294880000000035",https://data.baltimorecity.gov/views/zqh4-9ud5/files/WFKhNRwSiXrpK4c3jSrbn8nGNu5pTf2cTT6zhUQxyaM?filename=Ferguson+Mural.jpg&content_type=image%2Fjpeg%3B+charset%3Dbinary
115 S. Carey St.,Jenny Merker,Jenny,Merker,06/15/05 12:00 AM,"-76.63799948049422, 39.28604901152261",https://data.baltimorecity.gov/views/zqh4-9ud5/files/wJbOsPQwyEaChjtXyk43rk8OU5YYeq3cKfd-bqSXf1Y?filename=merker-115+s+carey+st.JPG&content_type=image%2Fjpeg%3B+charset%3Dbinary
Baltimore Farmer's Market - Holliday and Saratoga Streets023,Charles Lawrence,Charles,Lawrence,06/28/05 12:00 AM,"-76.6074999999999,39.297300000000064",https://data.baltimorecity.gov/views/zqh4-9ud5/files/x1CDgWLlTxrkboAUjw0zSkB4iGoKkk7Au00E6gRuOEk?filename=Charles+Lawrence+Farmer%27s+Market.jpg&content_type=image%2Fjpeg%3B+charset%3Dbinary
Baltimore Farmer's Market - Holliday and Saratoga Streets024,Chris Gregorek,Chris,Gregorek,06/29/05 12:00 AM,"-76.60749999999996, 39.297300000000064",https://data.baltimorecity.gov/views/zqh4-9ud5/files/x5gM_y09hvHIYV1b0pa7SW2ine16DuzIDYbyLnG4qG8?filename=Chris+Gregorek+FM07+alt+1.JPG&content_type=image%2Fjpeg%3B+charset%3Dbinary
Baltimore Farmer's Market - Holliday and Saratoga Streets025,Nicolas Tolls,Nicolas,Tolls,06/28/05 12:00 AM,"-76.60749999999996, 39.29730000000006",https://data.baltimorecity.gov/views/zqh4-9ud5/files/xOgon1UjRkyBlg6JFdbRnNruQIkXYI_nZQ6GkR7rSAQ?filename=NicholasTolls.jpg&content_type=image%2Fjpeg%3B+charset%3Dbinary
1139 N. Gilmore St.,Charles Lawrence,Charles,Lawrence,06/20/05 12:00 AM,"-76.6430238325883, 39.3015526379558",https://data.baltimorecity.gov/views/zqh4-9ud5/files/xrEIL8JRr4kHnZ4XptowsZ8Pp7JQ5rJaSNdUndH_mNM?filename=Gilmor+Street.jpg&content_type=image%2Fjpeg%3B+charset%3Dbinary
1137 Harford Road,Jessie Unterhalter,Jessie,Unterhalter,07/03/05 12:00 AM,"-76.60216965784299, 39.30374711117455",https://data.baltimorecity.gov/views/zqh4-9ud5/files/XwLIIa02vUv2hZ9KbFISkXQIuEMengKmIVb2bGABGqA?filename=1137+Harford+J.+Unterhalter.JPG&content_type=image%2Fjpeg%3B+charset%3Dbinary
2310 Harford Rd.,George Ferrandi,George,Ferrandi,06/12/05 12:00 AM,"-76.59610006714917, 39.31602341475917",https://data.baltimorecity.gov/views/zqh4-9ud5/files/yLlcwwxcYKAPEKj_SiXiLHX9tXFOKbGN-V6FVKa3R5E?filename=ferrandi-2310+harford+rd.JPG&content_type=image%2Fjpeg%3B+charset%3Dbinary
Baltimore Farmer's Market - Holliday and Saratoga Streets026,Stephanie Leung,Stephanie,Leung,06/29/05 12:00 AM,"-76.60749999999996, 39.297300000000064",https://data.baltimorecity.gov/views/zqh4-9ud5/files/yu-svQPxsFzHCRgfulfwLaL7KzXjEHzczpAvu-jCMuU?filename=S.+Leung+FM+Detail.jpg&content_type=image%2Fjpeg%3B+charset%3Dbinary
"1530 N. Bentalou Street, Easterwood Recreation Center",Michelle Santos,Michelle,Santos,06/30/05 12:00 AM,"-76.67214999999999, 39.310280000000034",https://data.baltimorecity.gov/views/zqh4-9ud5/files/yVnmL7Vfsrin5OghoDYzlxApKS1EN4-8vZiUOuRdJi8?filename=M+Santos+Easterwood+Rec+Nov+08.JPG&content_type=image%2Fjpeg%3B+charset%3Dbinary
North and Park Aves.,Bonnie Bonnell,Bonnie,Bonnell,06/14/05 12:00 AM,"-76.64039000000002, 39.31194000000011",https://data.baltimorecity.gov/views/zqh4-9ud5/files/YYulneSSWbQxRJ4lxQTPWMTJPO7aR7AXjpEYpG7NTQc?filename=bonnell-north+%26+park+aves.JPG&content_type=image%2Fjpeg%3B+charset%3Dbinary
Baltimore Farmer's Market - Holliday and Saratoga Streets027,Bill Remington,Bill,Remington,06/29/05 12:00 AM,"-76.60749999999996, 39.297300000000064",https://data.baltimorecity.gov/views/zqh4-9ud5/files/zemVtZelY0si1VMNlQ9H31rJzeFYGPhWFPLOSF8P6pk?filename=B.+Remington+Farmers%27+Market.jpg&content_type=image%2Fjpeg%3B+charset%3Dbinary
500 N. Howard St.,John Ellsberry,John,Ellsberry,06/14/05 12:00 AM,"-76.61987063772014, 39.294996911178586",https://data.baltimorecity.gov/views/zqh4-9ud5/files/ZQlOUb4K16HkMLTrq79FQ_3-jESMc5rP8t5EKRAULp4?filename=ellsberry+-+500+N+Howard+St.JPG&content_type=image%2Fjpeg%3B+charset%3Dbinary
"2710 E. Hoffman Street, Fort Worthington Rec Center",Tom Clayton,Tom,Clayton,07/01/05 12:00 AM,"-76.57662999999991, 39.316199999999924",https://data.baltimorecity.gov/views/zqh4-9ud5/files/zrg10h68JJm7wSxxeWUZt-t_PW8yaj2uyS5aJamECXE?filename=Tom+Clayton+Ft.+Worthington+Rec+Center+%281%29.JPG&content_type=image%2Fjpeg%3B+charset%3Dbinary
1400 Greenmount Avenue,Archie Veale,Archie,Veale,07/01/05 12:00 AM,"-76.60852869759407, 39.306175838538365",https://data.baltimorecity.gov/views/zqh4-9ud5/files/zvDCRvnCZ9vUeR17cKb8KxWPZUnUm_n5MRz8LYSk9Jk?filename=A.+Veale+1400+Greenmount.jpg&content_type=image%2Fjpeg%3B+charset%3Dbinary
W. Hamburg and Bayard Sts.,Shawn James and Mural Masters,Shawn,James and Mural Masters,06/26/05 12:00 AM,"-76.62630000000001, 39.266940000000034",https://data.baltimorecity.gov/views/zqh4-9ud5/files/ZXthXCpQ5N__zbbQTYcMuOoZs8sm9Oz82x7v_WB55As?filename=James+Mural+-+Biking.jpg&content_type=image%2Fjpeg%3B+charset%3Dbinary
1731 E. Chase St.,Jennifer Rattigan,Jennifer,Rattigan,06/26/05 12:00 AM,"-76.59300639936833, 39.303289014824315",
N. Patterson Park Ave. and N. Gay St.,Lyle Kissack,Lyle,Kissack,06/26/05 12:00 AM,"-76.58588376889628, 39.31099620461538",
1103 Brentwood Ave.,Gary Mullen,Gary,Mullen,06/22/05 12:00 AM,"-76.60957191114807, 39.302920292792294",
N. Patterson Park Ave. and N. Gay St.,Alexander Martray,Alexander,Martray,06/26/05 12:00 AM,"-76.58588376889628, 39.31099620461538",
1620 Bush St.,Shawn James and Mural Masters,Shawn,James and Mural Masters,06/26/05 12:00 AM,"-76.63308018899397, 39.27469956751287",
2009 Annapolis Road,Lyle Kissack,Lyle,Kissack,07/03/05 12:00 AM,"-76.6316412737471, 39.26682150653619",
Key Highway under I95,Michael Kirby,Michael,Kirby,06/27/05 12:00 AM,"-76.59230257036342, 39.26492918622983",
Wicomico and Bayard Sts.,Shawn James and Mural Masters,Shawn,James and Mural Masters,06/26/05 12:00 AM,"-76.62630000000001, 39.266940000000034",
2300 Washington Boulevard,Chris Peters,Chris,Peters,07/03/05 12:00 AM,"-76.64942087026634, 39.26934860143854",
323 E. 20th St.,Lyle Kissack,Lyle,Kissack,06/27/05 12:00 AM,"-76.61164035181548, 39.3124081402014",
900 Ostend St.,Tony Shore,Tony,Shore,06/22/05 12:00 AM,"-76.65196999999989, 39.28365000000008",
